,29,68,10,38,30,4,52,41,34,63,36,59,40,58,1,2,70,64,25,16,60,57,28,21,6,42,32,49,17,14,50,46,9,23,35
Label,A,B,B,A,A,A,C,A,C,C,C,A,B,B,B,B,A,C,B,B,A,B,B,C,A,C,B,B,C,B,C,C,A,B,C
['1+12'],271800.301,95342.87,208888.229,220373.087,247506.242,234659.948,351553.97,217522.839,233498.561,7080.411,270082.492,181934.669,238224.706,152675.385,251646.903,48810.599,201978.392,0.0,309062.546,335551.247,137289.527,170762.364,204201.92,126631.407,242490.809,281016.285,286244.15,276005.794,311600.1,0.0,286624.199,292406.321,231301.84,113277.376,217000.128
['1+19'],647115.445,548228.387,950672.077,963724.887,675681.763,632473.847,44961.035,995406.615,477075.827,7280.068,497004.937,1423202.38,1150463.08,1419612.3,591502.468,363763.033,795298.205,0.0,859023.265,700819.424,1268424.69,1788156.38,1085707.22,492722.979,824378.884,591885.6,661671.225,1584169.68,431273.559,0.0,883786.166,767708.259,933549.13,760428.927,368384.246
['1+34'],57968.517,32050.562,83215.475,74571.847,64032.252,72068.829,198468.732,64901.352,95894.054,49969.011,98945.515,88647.999,30756.56,96261.818,69516.259,72195.776,48669.579,0.0,134901.554,123340.291,93322.63,106308.579,111739.477,152912.802,83752.902,84027.739,57137.863,0.0,136330.327,0.0,143147.309,122579.385,74870.177,113492.877,53126.275
['1+46'],99480.043,157956.291,142808.75,109699.114,115830.996,113209.897,0.0,77724.327,0.0,0.0,0.0,74162.475,127230.509,127472.23,205914.352,132259.709,145036.655,0.0,200923.288,209663.966,93262.723,88724.519,140774.907,0.0,137060.464,0.0,85146.327,124499.915,0.0,0.0,0.0,0.0,117841.365,117316.553,0.0
['1+70'],939619.631,683299.347,1706955.17,653365.819,749390.492,1165823.88,711055.386,507664.301,690465.392,485968.632,496103.774,775735.905,662062.501,1006490.14,1943715.49,1552198.51,624100.867,297922.412,1021520.92,1606158.05,788553.7,1376973.21,918005.685,1058050.59,1132336.84,528323.289,730036.333,909947.793,1267897.25,0.0,654324.944,1286253.94,1800861.77,1238520.44,417153.661
['1+96'],576735.477,728981.662,916835.423,661233.913,556117.201,806935.813,1838854.76,696987.857,357741.351,1150633.17,370243.004,1748931.4,820996.423,0.0,794771.826,729128.01,827159.683,918660.518,1027545.02,878706.457,1818415.34,2208518.11,1432686.05,693537.755,1000309.43,585025.299,520895.614,1101588.58,627783.629,149296.042,1052750.53,0.0,987344.383,892158.63,311631.193
['1+100'],37561.737,123070.351,56096.704,41754.688,39672.407,43634.223,0.0,34962.302,28473.501,26617.795,23396.826,0.0,42528.274,48168.487,63891.852,61127.366,39454.218,28792.462,63397.398,65151.093,51609.455,42837.713,65387.979,36303.015,59031.587,32537.5,39249.461,68458.756,37021.886,8991925.83,49473.588,0.0,54641.563,62390.05,22815.493
['1+124'],4862.032,7450.041,11798.308,4558.183,4561.091,6679.947,6264.347,4269.056,3280.317,7346.626,4526.645,8397.394,5940.862,6338.56,7276.601,7626.102,8240.634,5658.038,7473.37,8376.452,11774.45,13068.567,7154.105,6819.612,4712.975,4551.934,4535.714,8275.727,6723.429,0.0,8494.534,4525.39,8066.723,5026.415,1575.652
['1+127'],5327979.03,7214732.14,7821152.23,5217114.85,5408149.16,6232873.55,9236196.68,5170466.42,6374078.8,5627811.98,6735847.27,6880533.43,2716123.05,6720423.2,6079638.84,6658458.48,7965659.18,4796484.96,6162334.95,6799636.07,7390782.16,2399775.31,5936200.38,9177214.39,5810901.11,7687283.69,4980269.09,8077758.68,10628238.9,92126.222,8095707.96,7846203.52,7309709.81,5784657.92,5800094.95
['1+132'],53678.624,0.0,147016.414,90304.809,92074.875,0.0,0.0,52050.228,0.0,0.0,0.0,137214.181,94759.613,121404.955,180545.924,35419.2,0.0,0.0,225904.197,64711.024,123420.695,128573.636,35684.706,0.0,32681.484,0.0,61038.636,214398.398,0.0,0.0,0.0,0.0,134923.661,145889.496,0.0
['1+134'],112156.194,251839.162,292588.769,112766.194,119065.211,165650.375,286641.999,94971.626,124435.592,132545.941,202502.073,155360.544,175141.065,153482.563,154858.203,163887.85,300140.063,134515.709,199912.544,111406.539,186036.019,153159.569,206591.855,236077.104,195189.58,299498.186,106141.348,353435.058,188524.069,0.0,349542.826,233701.105,183938.69,177106.008,100687.845
['1+135'],216464.842,201991.308,349240.496,185927.025,249501.393,317517.31,615853.516,126391.773,266247.95,368840.695,251732.352,452943.392,252230.099,425978.036,318666.782,303913.422,215588.44,332256.349,546589.005,486160.363,459289.255,468944.345,545894.914,507732.402,342786.444,267205.794,167354.765,362425.021,478437.728,0.0,519970.879,281898.4,337534.808,431289.454,161399.694
['1+157'],3225899.5,10982164.7,7302530.67,4294366.63,3265565.15,5274345.55,4000420.52,3091828.44,2597124.72,2560882.89,2702179.43,6262106.79,5214892.53,5762203.47,4671874.08,5089263.19,9468841.74,2180147.68,7634390.79,5100889.32,5746239.17,0.0,7132406.68,5184599.75,5075054.64,2965386.03,3152503.51,9203285.51,4532161.1,0.0,5370068.6,4502336.88,6839957.47,6397909.44,2814825.09
['1+165'],301575.73,440410.74,473225.914,393986.206,362842.994,556890.874,1185927.5,253075.187,261541.705,791386.331,269026.025,1169741.22,494124.157,1169417.78,545048.063,515224.687,495294.083,523604.41,682410.514,572436.617,1062288.2,1467847.39,902517.894,486099.734,624542.672,397565.889,257113.861,670465.189,467305.573,0.0,853514.01,483012.374,575846.647,595513.836,206833.201
['1+173'],91229.966,76538.223,129184.222,107299.977,92178.569,91740.232,49319.479,66825.187,21286.321,0.0,66913.661,46045.062,126436.994,79808.376,66757.389,26220.23,145308.687,6978.871,110126.739,31050.519,65220.643,0.0,136313.821,50144.222,63804.787,59345.806,44531.813,161797.549,25771.453,0.0,334863.227,55528.387,119154.801,112608.407,0.0
['1+185'],0.0,72588.865,33021.284,0.0,0.0,0.0,0.0,0.0,0.0,0.0,0.0,0.0,73377.751,51271.982,60743.069,47201.654,0.0,0.0,19717.155,42511.019,0.0,60672.553,101465.533,0.0,0.0,0.0,30896.231,102919.913,0.0,0.0,0.0,0.0,0.0,59369.188,0.0
['1+196'],9224630.38,9548541.8,11437657.9,8597635.82,8312412.6,12642361.2,13752721.6,9204609.48,8618866.71,8657961.79,8038882.36,9213595.02,9783103.73,9441630.94,12930729.3,12146656.2,9896410.61,1.075,13180350.3,12612799.5,10335085.9,9555888.79,12664548.3,12300737.1,12336880.5,10983428.7,8599194.73,10020417.0,12120615.6,0.0,4155624.27,12801499.9,11676906.9,11549555.1,7462176.44
['1+199'],102937.385,200705.754,114286.286,154877.608,108550.866,109021.428,277270.577,110431.673,180102.893,259310.212,141358.092,233334.11,142113.448,180139.892,132395.683,114998.793,57258.014,204323.244,143311.237,200713.084,158345.65,186773.477,172715.012,218227.971,131367.74,237796.315,110096.929,164899.478,239832.44,0.0,215796.317,338700.737,105427.828,141561.65,134566.343
['1+202'],3183638.85,3563688.86,4121516.31,2897444.53,2841808.91,4170773.93,4554726.24,3414502.97,2827355.23,3026185.91,2540666.16,3094212.76,3389969.53,2879973.73,4414949.16,4279342.02,3436273.93,2551608.04,4640394.95,4650902.05,3242708.79,3021962.38,31508.927,4188860.02,4153222.02,3761915.44,3147457.35,3289753.27,4352944.01,2257326.86,0.0,4358994.2,4035603.0,3986917.49,2556151.12
['1+203'],36448.26,63474.38,92180.104,161.426,42098.343,65732.407,20449.197,49537.342,39234.231,39450.22,28024.372,45730.944,53099.699,48810.093,66375.27,68026.498,57190.217,32008.518,54527.735,69091.01,54536.023,49488.481,67736.344,81542.066,58998.545,24356.597,43808.982,31012.492,64591.754,0.0,71606.248,295.031,56429.212,66146.419,7246.743
['1+221'],67214.885,45157.698,52046.15,50442.979,46361.99,69470.834,40803.544,52954.487,37199.257,32276.209,35083.133,46211.751,46161.988,51791.119,97413.174,0.0,54007.15,27339.75,71323.612,84303.967,43463.319,59625.775,73133.655,51776.081,101356.343,43016.3,48098.334,54435.441,44154.338,0.0,32528.024,48457.791,162551.817,46200.305,34507.172
['1+226'],105131.922,123326.824,115110.231,0.0,74515.666,135470.924,87908.709,135075.788,93865.382,0.0,95186.053,157896.955,151678.409,122864.096,168641.421,88217.945,172012.437,81906.246,0.0,0.0,141915.634,119984.757,61029.485,0.0,146077.531,111751.471,185184.93,132676.116,101356.69,33890.884,182530.223,0.0,124962.895,82248.077,0.0
['1+243'],17681.556,19934.363,25597.467,16853.042,15858.789,14119.323,14812.301,19779.293,14266.415,14446.864,13823.191,16261.143,18407.798,15495.517,24755.875,24194.319,19292.422,12749.822,30231.372,22714.468,17244.012,13617.189,15842.984,27108.926,26228.549,24183.597,17293.583,16067.786,24134.32,12512.86,16408.754,18035.073,25405.064,24190.297,14114.787
['1+245'],203781.108,206224.287,0.0,0.0,138951.473,306271.064,159422.807,160724.412,138336.42,149414.375,0.0,151625.82,135835.419,186082.713,230514.845,173605.78,179330.246,105714.701,0.0,224166.425,162248.488,137922.171,197087.944,240624.161,241552.114,183736.585,0.0,135244.006,233624.52,50370.829,110159.801,163038.78,261069.211,182821.592,137472.58
['1+255'],8855.57,27542.927,31682.932,9931.798,8835.019,17113.194,0.0,16737.108,0.0,0.0,0.0,5193.345,27147.416,34087.458,67744.046,40029.571,12250.84,0.0,48318.567,30547.318,10473.25,15023.73,32427.851,0.0,15361.098,0.0,36925.844,16757.798,0.0,0.0,0.0,0.0,14991.059,27867.312,0.0
['1+282'],114979.425,210231.803,348507.735,0.0,158415.533,363637.257,0.0,193038.451,151769.09,238511.564,146622.036,307696.713,183774.219,326240.802,342189.072,335826.206,201055.025,210932.901,0.0,311307.603,347556.615,392332.764,278397.481,251834.689,316026.463,0.0,185634.163,0.0,258663.582,317292.886,46035.646,0.0,351772.056,286274.009,153159.133
['1+286'],10865.376,20242.095,21987.509,20211.094,9633.647,15764.776,39690.55,10786.455,18122.041,9892.756,13635.36,18604.704,12692.453,9750.104,11611.425,13306.901,24478.14,7121.887,20205.338,20464.358,16590.122,22826.593,18964.709,19551.485,14375.72,20477.812,11200.301,33148.154,13711.242,4947.019,24971.809,31211.05,23844.403,17506.531,17620.605
['1+318'],73234.828,103313.952,225487.332,96001.18,66788.452,70068.247,241675.886,112859.73,85410.75,81073.468,116754.733,123602.274,107281.342,91824.483,101161.053,73327.994,126704.385,54863.997,0.0,108407.563,16032.991,118384.004,142741.284,125797.701,122985.371,110277.455,71585.45,201775.891,163202.764,147880.178,154051.361,0.0,162540.667,98799.415,125460.744
['1+332'],53412.29,115205.468,67205.247,39780.859,76123.744,78162.441,0.0,40488.769,0.0,0.0,0.0,86361.174,42320.107,91719.49,139947.157,160028.305,77240.489,0.0,213319.867,144824.681,92750.465,149257.965,154173.88,0.0,147638.544,0.0,27615.393,71568.353,0.0,0.0,0.0,0.0,77617.198,98917.691,0.0
['1+356'],486531.346,433989.44,730154.862,466783.734,486212.116,585002.113,588184.397,557908.261,373538.292,265554.702,390021.976,399312.162,569289.495,369524.054,652357.254,613116.284,471289.409,218321.86,647172.9,573360.499,490840.368,437621.02,580449.926,474329.179,614474.752,414088.731,375343.945,647461.459,453748.606,0.0,374996.013,531937.215,650894.242,535950.613,392988.934
['1+361'],6307.156,11415.771,18403.484,7553.045,8730.431,18204.279,13686.388,7340.916,8335.748,15244.608,8438.187,17414.608,6102.254,19448.143,13667.086,17458.506,13294.552,15996.822,22387.001,22517.091,15731.182,18442.051,16670.241,31673.75,14499.719,8014.596,5611.546,11786.196,29006.637,0.0,11115.552,3794.788,18047.159,21261.335,8222.05
['1+381'],245733.441,39043.927,21469.221,28734.038,161420.931,125677.065,31417.193,19688.961,44094.428,83664.653,25797.362,241020.806,23962.647,351476.419,287288.825,258202.784,39019.103,43324.231,30222.326,69127.054,157300.344,445557.765,14584.137,25141.251,79720.009,20308.342,74533.784,27062.311,61210.661,28026.704,14960.493,63769.992,44179.804,26011.212,35934.709
['1+387'],31158.494,86857.102,152241.503,63582.76,28766.901,47459.826,0.0,79231.774,0.0,0.0,0.0,65739.722,87864.292,63826.993,74468.516,38528.61,130676.944,0.0,77811.295,31353.981,65810.248,60594.769,68399.886,0.0,66028.809,0.0,41011.283,129012.236,0.0,0.0,0.0,0.0,122875.659,53195.39,0.0
['1+404'],54163.428,72092.643,24473.277,76885.81,56274.517,45061.141,0.0,50349.017,0.0,0.0,0.0,77141.873,63565.517,82532.975,42637.632,37461.15,87637.414,0.0,102148.252,59287.488,82366.048,78643.816,112173.194,0.0,33672.099,0.0,45139.925,80277.163,0.0,44682.313,0.0,0.0,41589.343,101179.864,0.0
['1+413'],5184.752,4007.823,10476.853,6081.719,4504.099,5780.531,8355.911,7965.181,4991.211,0.0,4497.654,4342.884,9884.664,5708.353,3445.484,6466.409,11276.919,0.0,6134.887,3300.728,4852.943,6665.624,7031.83,0.0,4557.055,5357.635,0.0,16460.449,0.0,0.0,9475.548,4982.154,9266.763,5359.018,0.0
['1+416'],50376.179,0.0,132402.967,80849.226,48912.799,44640.207,56434.618,0.0,54375.695,0.0,60326.036,40177.763,80741.672,58316.039,69772.898,50854.917,68878.32,15463.894,80494.685,80257.3,43229.984,47689.358,66695.221,91061.091,58622.406,53521.315,56835.912,161755.884,99657.481,0.0,60426.939,48025.024,89735.147,69296.813,50397.398
['1+423'],329145.71,452957.014,324986.451,315676.863,302319.927,357025.058,788904.373,262902.153,446086.915,679561.596,305239.326,580105.72,277381.839,449970.877,441103.466,415356.709,401469.368,575630.582,809519.357,1024264.21,559260.107,454680.156,742946.779,725092.719,427564.971,293939.34,276394.997,330538.406,872455.999,0.0,511453.979,868785.623,342674.946,490402.648,317773.056
['1+429'],81622.615,68028.785,104926.688,81510.218,83959.796,83761.789,106585.01,82288.407,71250.35,47392.347,76000.344,60470.007,95817.725,62449.632,98605.594,96378.217,77145.953,36490.098,96196.425,87022.818,73542.845,58439.564,90409.754,0.0,88934.42,0.0,71808.765,110134.021,83767.675,0.0,64062.948,83891.046,97342.295,87601.473,69088.419
['1+437'],26278.776,39629.377,54048.008,24206.712,24795.617,50592.168,7394.816,25663.536,9369.168,4953.779,8812.917,30423.809,27882.912,40037.051,56093.569,39418.538,39989.5,0.0,47732.459,32727.429,33465.329,27613.035,65392.299,14812.1,43597.687,8414.567,17593.947,35768.94,14412.675,0.0,23171.05,20129.506,61797.579,46353.722,5815.517
['1+441'],41690.195,73735.716,58901.79,64748.527,49669.216,43015.306,152750.0,57101.782,81825.962,97536.12,78656.215,51498.287,68011.345,44270.885,27213.881,29396.866,75243.101,86600.313,96791.232,52884.913,61531.543,37863.676,97382.106,96334.354,51716.788,102258.339,48152.234,74879.464,99899.86,0.0,100305.021,92510.823,48652.341,71336.024,72589.189
['1+450'],30881.324,96705.656,127327.563,38318.62,31134.219,56761.739,61698.261,44718.018,21628.043,26792.678,17714.101,79527.923,46410.083,81066.615,71348.892,57987.031,109763.814,21447.654,62860.263,54314.785,77788.16,87693.01,63313.842,38655.922,65096.299,22645.776,23833.148,94193.172,32210.209,0.0,34838.506,26514.666,103990.273,56167.626,15151.965
['1+457'],0.0,3430.118,6107.191,1644.323,0.0,2957.881,0.0,1802.977,0.0,0.0,0.0,0.0,3010.48,4232.185,16414.872,7117.44,0.0,0.0,6942.421,2672.221,2140.663,2494.44,0.0,0.0,0.0,0.0,11262.305,4624.311,0.0,0.0,0.0,0.0,0.0,2795.999,0.0
['1+461'],429369.969,574594.227,693521.669,0.0,442343.457,598438.489,822926.503,574379.801,477245.479,539588.081,558930.245,530629.841,609855.798,482795.972,654587.841,632339.515,572443.329,439297.519,881416.703,889122.723,569067.32,488696.601,872977.312,872937.151,632336.907,622687.882,452693.832,616794.696,846240.646,7494.447,517351.116,501953.508,602210.712,799408.169,440693.327
['1+463'],105284.615,201002.537,356558.645,110581.479,58278.116,248396.237,0.0,120895.004,0.0,0.0,0.0,133688.663,146813.486,145046.363,336237.503,311052.646,124627.074,0.0,382132.534,245228.34,134106.501,127649.537,289782.524,0.0,213484.482,0.0,113344.992,237445.383,0.0,0.0,0.0,0.0,262991.019,217624.661,0.0
['1+466'],578864.946,801293.178,1448180.73,543680.863,453018.783,625349.045,159667.473,599275.963,82840.739,34310.725,71739.518,615345.828,856603.201,742152.512,617572.693,747533.16,929053.004,44398.193,621172.892,659029.706,567636.457,685785.134,753110.385,150719.565,602915.985,143762.981,411977.556,1397245.83,132653.945,261449.576,187134.51,98926.781,1261335.12,614521.42,74747.962
['1+469'],41536.504,59446.722,40924.985,54854.45,43101.55,60565.44,67023.615,49655.838,54701.623,42141.688,44118.271,57869.016,45267.042,45398.594,69340.853,50951.829,50044.619,32896.197,68757.493,54946.031,66530.118,34826.448,52313.391,75579.586,71721.195,58716.056,40118.267,74913.781,53880.954,0.0,44997.055,0.0,93639.139,69269.311,62547.301
['1+474'],63853.9,19669.538,40007.595,46514.966,54885.951,9777.486,17991.976,38980.846,24658.931,17512.533,27023.698,40240.391,57736.52,50146.596,31126.288,16290.049,22720.592,10624.103,22838.359,27555.163,39959.509,84851.045,9554.106,0.0,16827.851,26690.02,44085.285,77650.277,6809.334,0.0,14102.266,10326.453,30834.741,11341.595,25469.248
['1+495'],230783.726,618188.327,784697.674,291829.487,241693.967,666074.819,52995.915,411786.562,76290.935,29818.09,59418.479,242253.998,426143.219,514776.98,1446834.05,1015381.12,396003.327,27040.725,881413.254,587470.488,379453.84,418671.458,628031.074,85759.81,538095.541,84227.9,721409.825,603932.03,76160.123,0.0,44725.251,64351.877,586890.169,546142.758,46197.029
['1+498'],0.0,30287.138,45526.398,86252.444,34795.278,11276.853,472678.245,82204.962,255475.964,49903.322,337738.42,12657.016,77408.47,7990.802,8798.487,9335.131,38068.776,50175.021,0.0,16128.549,15667.871,0.0,65320.533,172855.643,34774.569,209478.429,0.0,0.0,0.0,0.0,401006.691,306491.257,43693.259,0.0,251879.72
['1+507'],1409146.59,1435990.51,2080976.22,1516127.32,1268328.19,2162424.73,2583180.31,1405371.38,1736957.4,1601622.45,1559298.84,1574467.85,1581720.4,1296473.14,2219627.38,2513592.31,1341996.93,1383087.36,2359715.31,1657763.83,1495377.68,1396130.63,2249286.84,2525201.28,2045839.85,1940842.95,1299720.36,2212154.13,2488279.6,0.0,1822205.21,0.0,2518841.08,2201153.1,1501705.25
['1+511'],1348985.7,1498286.66,1856153.33,1540324.39,1279545.74,1471692.31,243916.957,1474744.77,32069.599,45601.958,136086.345,1604306.23,1427501.68,1378767.77,1786979.29,1680161.13,1530330.69,45891.138,1425328.46,1513357.74,1515651.22,1188762.9,1441468.87,23768.689,1711485.02,84580.995,1125094.21,2614069.27,65365.134,69371.614,28787.084,84769.859,1994883.71,1508293.97,39195.887
['1+515'],666188.79,644687.04,1252106.44,867841.539,697809.819,909734.08,525398.857,1133937.74,567725.193,659332.717,590211.591,991734.109,1061583.04,1023451.26,924347.105,962116.817,705452.553,522055.659,839821.822,705362.98,1036475.86,1033717.1,826031.273,660438.523,934791.798,600256.054,719498.255,1319893.13,572953.976,18681.643,600257.711,466393.026,1091728.11,743488.283,515629.402
['1+520'],12122.287,0.0,27631.717,12834.664,21542.429,28096.617,0.0,8292.95,0.0,0.0,0.0,24668.849,8973.42,7455.705,29908.191,11577.38,18496.119,0.0,0.0,0.0,7553.598,24000.325,0.0,0.0,32661.847,0.0,6509.2,0.0,0.0,0.0,0.0,0.0,37405.711,9570.723,0.0
['1+526'],1171234.15,1098029.1,2738570.3,1203648.1,1049028.81,1393093.36,597770.729,1381538.94,210357.756,58413.517,146051.714,1375912.87,1276499.59,1658360.32,1282324.93,1437668.18,1253439.88,21266.248,1459708.25,1537937.42,1192222.78,1347685.84,1539739.56,377868.944,1313420.1,142571.27,783861.674,2662422.76,232900.055,0.0,278765.922,152608.676,2462470.72,1191382.06,160626.268
['1+532'],86431.481,76598.48,155561.972,86269.954,80948.114,185230.132,0.0,65863.926,0.0,0.0,0.0,139900.305,94704.552,120219.679,159950.084,175284.348,85081.047,0.0,153314.023,82865.664,124928.643,109411.502,152532.859,0.0,168100.897,0.0,72561.771,128922.67,0.0,0.0,0.0,0.0,163541.19,158908.757,0.0
['1+539'],44045.514,34263.536,41157.348,43090.997,44993.372,20829.367,0.0,29474.983,0.0,0.0,0.0,43616.409,45219.522,35916.453,23498.252,27774.809,44713.019,0.0,72340.896,53328.19,43155.629,35982.399,56210.65,0.0,23808.707,0.0,25041.979,47126.523,0.0,0.0,0.0,0.0,52419.102,61726.296,0.0
['1+545'],0.0,16948.172,22431.186,26511.179,44253.185,36981.814,28443.649,13100.155,0.0,37262.553,29876.772,23580.856,15165.323,13316.796,51093.169,0.0,10481.677,15113.683,33810.998,50306.571,41019.98,32327.658,53140.994,40972.223,41348.594,44890.405,24953.307,12485.088,48648.108,0.0,10179.682,24911.776,26138.689,41784.382,26342.956
['1+554'],2453437.95,0.0,5380088.15,4603238.04,2899734.35,3635382.61,6936634.87,4074750.17,3113026.81,581043.996,4281633.37,1941154.66,0.0,972579.099,4338426.41,3511797.27,4617347.1,559040.495,4640103.54,5042636.28,1483571.48,0.0,7660334.29,5867572.23,0.0,2812783.55,2723136.35,1183211.96,6058654.04,0.0,3859175.93,3731365.75,4303056.82,4637624.49,4389506.53
['1+582'],119640.849,137429.6,117372.23,121150.721,115764.775,108719.723,200752.696,117674.095,121058.681,148092.377,120366.089,123051.139,160362.046,147465.358,188577.601,130163.857,165920.049,115522.308,171968.863,139217.532,77351.526,116759.506,0.0,162144.696,146442.828,100906.928,106602.074,75082.792,185251.876,206.098,147974.884,175171.393,0.0,0.0,113008.56
['1+591'],10981.835,0.0,26242.09,7519.445,10617.092,18656.255,0.0,12372.533,3948.586,0.0,3560.911,8015.944,13831.873,17653.9,22088.227,13670.013,24288.085,0.0,18753.038,12087.967,18321.101,13543.155,13663.589,4125.104,20043.685,0.0,11004.102,0.0,2948.07,0.0,5738.854,0.0,25575.755,14751.783,0.0
['1+609'],109902.147,142384.716,169257.776,59036.263,93597.306,164531.334,118077.677,100984.968,74209.481,152387.434,90159.847,156715.26,90466.173,150316.387,207203.094,188559.747,153149.671,130045.976,252528.884,286247.804,172487.734,125197.799,198494.562,167230.63,164989.27,49014.194,84348.595,113964.66,282537.44,0.0,49707.757,199085.047,166398.37,94346.746,71061.417
['1+614'],114368.764,148603.872,263459.374,123517.978,130350.2,241735.157,0.0,116696.545,0.0,0.0,0.0,129387.396,160428.858,134641.908,260565.451,270366.689,150738.854,0.0,272010.833,167591.867,122728.173,152929.818,205237.756,0.0,217855.389,0.0,103958.612,202622.875,0.0,0.0,0.0,0.0,224285.767,223658.498,0.0
['1+617'],3262145.77,3503208.7,4672646.03,3881082.1,3346089.1,4438284.2,5073989.94,3688332.51,3617317.31,3591408.78,3644659.48,3495298.74,3988954.17,3400268.58,4841626.67,4572984.41,3704998.06,3194828.15,5715377.71,5553121.81,3518471.88,3212110.13,5503134.6,5462138.48,4762807.61,4061853.4,3239504.94,4796157.75,5349305.61,5646721.34,4489824.5,4272434.69,4520729.48,5309452.2,3315732.02
['1+620'],273028.538,0.0,421502.679,254768.914,319341.348,591269.406,108243.57,252141.782,32490.97,16350.954,36435.81,488470.179,236005.572,449057.235,532769.907,497195.516,515187.771,3813.69,754645.046,601439.343,488236.986,325491.748,635496.437,28205.105,676920.386,7815.902,253677.866,246159.744,24560.896,0.0,62435.518,63435.265,524401.044,681724.593,31619.799
['1+622'],50308.943,66153.296,52766.385,32372.84,34930.36,40213.018,40221.578,45080.128,34845.159,90826.438,22463.449,88565.088,38185.809,85479.37,65805.845,56531.69,83416.114,88015.758,55541.865,60201.62,80388.48,75617.264,55164.764,37545.385,67139.877,24436.856,36128.666,33659.791,24078.182,0.0,52390.362,57706.722,40082.794,42751.386,13582.483
['1+640'],0.0,555820.678,227636.887,0.0,0.0,0.0,0.0,0.0,0.0,0.0,0.0,0.0,436744.674,316170.24,403652.485,273487.923,0.0,0.0,126122.114,369300.468,0.0,297086.523,597734.933,0.0,0.0,0.0,145631.703,373500.471,0.0,0.0,0.0,0.0,0.0,263640.309,0.0
['1+651'],171350.596,182115.012,160919.38,139302.885,168385.721,191734.71,262964.112,130709.109,170468.292,179572.279,140991.224,184277.154,157869.459,153550.886,0.0,210200.7,177098.364,160408.649,252832.037,269495.736,171147.572,163288.011,232569.117,222413.174,200468.214,178024.306,141678.121,167528.134,228008.587,0.0,210646.225,210023.695,159696.092,147093.809,154665.122
['1+670'],782038.601,872304.061,1064394.68,799465.659,771040.954,1027550.61,1274277.73,760762.425,862343.668,875747.963,826503.391,843546.62,812274.647,803380.911,825336.322,861466.624,907169.341,793312.89,1231895.8,1235878.47,856254.196,794720.498,1153042.36,1241243.51,1119124.62,973179.835,743523.342,932925.735,1279920.08,0.0,1058001.09,998536.227,1119295.99,1110248.83,800393.002
['1+690'],333536.877,786811.542,669347.177,383406.377,407578.277,543163.098,698850.994,435842.338,322421.457,525369.686,369558.737,460162.843,478617.273,480036.703,474426.964,478775.256,695281.978,395769.335,209569.996,694152.587,701609.702,423333.921,435797.051,641119.342,541243.074,744735.512,261972.28,510060.285,573502.398,32834.501,397826.515,1313264.99,601101.014,588279.636,301977.874
['1+696'],5488.365,0.0,10549.867,7768.209,6795.924,18069.19,4726.396,9935.072,2193.252,0.0,1767.108,4466.659,5235.682,8786.683,11483.576,9677.417,5490.146,2241.318,9940.291,4862.674,5966.425,4606.469,16447.61,4122.49,9731.24,2270.751,0.0,4797.611,7699.549,0.0,3581.63,0.0,8317.856,11078.692,0.0
['1+701'],282389.875,266059.67,299478.381,284239.407,277204.207,382666.505,503754.996,254970.517,331007.337,287076.601,336714.624,269278.138,284088.226,235804.511,473748.713,385678.145,303803.055,262052.379,473330.241,597268.287,277104.313,238876.554,443563.293,520465.019,428586.595,305827.067,280216.451,254308.223,557027.65,0.0,453133.776,333265.219,355826.009,421540.417,292209.114
['1+708'],32980.71,28780.003,41261.143,32952.436,27947.375,50859.999,48514.944,26294.176,32925.323,40927.564,32531.88,35917.719,32408.299,30610.809,57243.623,55527.342,33243.337,35200.008,51916.333,58485.59,36659.342,34165.993,50345.993,52529.292,43302.533,38989.935,28034.952,43104.737,52996.975,0.0,48624.415,46741.888,48712.026,49633.742,29855.142
['1+741'],25836.279,23834.765,0.0,15083.523,28606.033,29476.285,8838.089,15531.91,3006.225,10940.317,10771.062,21329.294,33808.265,21665.416,39818.826,37420.907,26677.713,0.0,13762.701,0.0,0.0,0.0,36586.995,20353.6,34650.016,0.0,19408.107,65776.327,8705.953,0.0,22131.058,4015.156,43913.947,33054.932,0.0
['1+747'],210921.631,211159.474,333876.398,208005.132,203141.91,287607.982,276800.194,228611.485,203038.735,211962.689,199545.047,219630.937,238150.118,207829.646,314611.625,297044.069,227383.355,191713.831,310604.622,310699.422,230655.798,215455.733,300675.344,274246.509,304412.489,224113.312,207061.773,265853.715,276681.051,0.0,270117.372,263673.023,312076.791,281773.001,191757.035
['1+754'],142154.946,280600.406,259049.387,131489.299,131021.397,223088.116,120063.622,145685.37,88873.266,240981.1,108639.482,304244.974,189344.271,319660.063,277684.931,231246.517,277914.969,182509.268,213868.641,184354.647,303197.709,363004.748,192095.988,110764.62,225946.889,79804.732,144148.279,264033.166,113742.19,0.0,189148.362,181081.011,237726.713,199625.814,94813.101
['1+755'],750180.307,1738468.61,2277326.9,956596.365,732213.541,918056.843,1067628.12,1214045.99,566109.895,910516.365,590271.435,1363524.36,1104697.1,1441834.56,798487.063,820992.331,1828647.67,815261.87,1106683.07,1044352.71,1350290.1,1422488.84,1229769.31,1077801.93,1062405.73,816897.291,674306.456,2376773.77,913405.987,0.0,1097287.59,839012.162,1957941.25,1163375.56,551848.082
['1+766'],19496.216,15007.865,47912.301,0.0,21696.256,29610.366,0.0,11191.75,14860.983,13050.07,10996.475,13412.966,0.0,0.0,24465.641,23678.779,13595.632,0.0,24400.0,73485.001,0.0,12315.566,39659.628,36282.486,30351.039,0.0,0.0,24863.245,38519.397,14577.169,0.0,0.0,67271.346,0.0,15708.903
['1+772'],2513773.35,3084309.46,3501099.45,3110591.33,2558157.88,3011264.68,4415671.83,3355110.01,2688358.66,3166430.55,3155477.37,2876941.38,3440742.51,2008073.07,3433443.39,3202714.45,3345936.1,2746685.76,4631693.65,4853448.59,2958455.32,2577761.92,4519913.29,4510913.04,3349735.38,3262760.57,2940386.59,3376903.46,4372938.15,903639.247,3693193.63,17785.158,3094471.9,0.0,1049921.95
['1+785'],35750.921,0.0,0.0,55559.59,35479.381,31036.062,0.0,35137.817,36861.012,11454.292,0.0,32162.781,51459.538,35966.731,10464.58,20067.109,38037.179,23537.129,55271.4,18734.13,22912.023,28009.197,40708.272,0.0,21885.175,43169.62,17484.405,76419.6,43874.53,0.0,11377.003,62118.781,41312.528,47797.056,37192.574
['1+789'],8295.042,5870.795,0.0,8070.666,9051.351,11287.076,0.0,0.0,0.0,0.0,0.0,4963.163,5653.205,8597.372,11125.891,11556.756,9151.816,0.0,14902.686,8254.814,8483.235,12994.132,13000.708,0.0,10379.794,0.0,8165.193,16051.467,0.0,0.0,0.0,0.0,13461.579,13306.096,0.0
['1+800'],61910.531,54260.548,70944.246,0.0,66453.557,61067.894,104429.396,40638.771,80872.325,91933.733,80351.734,51091.585,62122.13,0.0,23750.205,28755.553,69580.19,91554.898,49841.974,68532.753,20432.503,39828.2,73022.417,76167.858,61797.25,65536.129,66626.414,58969.86,83280.843,0.0,123345.864,31489.043,78348.718,29153.049,79454.665
['1+802'],196386.869,37995.149,266401.379,186198.129,181747.906,276437.647,86285.779,77197.262,188066.911,54786.694,51163.129,49645.725,148900.143,124513.258,258035.782,200614.887,67491.58,47150.559,156784.819,206190.965,53912.727,42123.839,254236.42,183278.034,246065.558,78506.734,156970.766,78624.482,168760.436,6323.595,210306.629,173000.219,384241.071,206283.143,33203.472
['1+808'],525373.292,588853.496,1229544.6,525944.921,551644.545,1133622.07,608412.294,454242.519,678552.154,1233936.45,517760.548,960219.379,502712.82,1024666.02,1011266.72,936968.748,672985.084,882730.886,950597.558,1046916.92,862899.322,892370.917,1133893.47,1528542.19,1142469.39,637968.06,586974.626,559515.221,1532389.78,3128484.53,774720.707,805827.567,1341069.35,1031179.48,712893.029
['1+811'],78824.573,52373.778,75646.492,58406.264,78663.097,108035.176,9667.735,0.0,17543.09,16017.739,11122.878,76940.747,78521.22,65056.212,132655.408,90861.43,55850.858,12919.574,0.0,100676.913,71843.429,66205.287,94955.533,14154.184,92744.322,15146.845,81824.418,72455.025,15804.938,0.0,14037.347,0.0,0.0,94668.663,6529.086
['1+823'],297595.474,411854.711,648493.929,418926.805,266364.432,367285.467,154845.413,405682.108,86521.511,60387.182,80762.559,413871.329,414276.859,402155.54,342522.385,348829.531,486915.454,31383.983,282669.696,301099.84,272934.442,355843.38,456220.244,197281.179,352544.019,109893.23,334642.643,815398.076,126103.371,441926.182,180835.391,87165.142,663926.065,474231.859,78045.928
['1+824'],161721.708,128559.068,207920.214,73962.083,145332.468,145002.624,0.0,0.0,0.0,0.0,0.0,83044.948,131027.116,99011.644,177433.011,139147.217,114788.85,0.0,179736.324,150403.66,101822.219,81876.111,165305.889,0.0,178160.647,0.0,117194.641,82790.565,0.0,0.0,0.0,0.0,179257.194,148885.124,0.0
['1+829'],2706066.0,5982970.71,4978703.73,1514876.85,2427790.15,3541335.0,1631250.17,1404713.44,1940901.68,334649.364,1751729.38,4285622.66,1762330.47,3937658.96,4632476.12,4275682.37,4070595.72,455098.349,3063984.93,2799297.74,4293147.56,4812801.17,3706012.67,3285795.79,5396579.9,82487.492,1548109.83,2277716.75,3325086.54,0.0,0.0,4876192.32,5369103.92,3277542.64,2101763.96
['1+849'],1013404.08,960193.18,2096221.19,915990.605,2375400.15,3437139.97,1031084.94,685134.998,656269.037,2267018.11,1262315.42,1589473.69,685818.069,3604534.72,1545011.13,2015556.17,1007358.89,559171.982,1557608.22,2040557.9,830300.272,933014.874,1271588.91,694134.173,1785329.55,1036569.72,579681.244,0.0,3258439.09,0.0,1255813.17,0.0,3183330.2,1246352.6,32588.733
['1+851'],344641.302,434091.572,2491.791,321964.312,351610.329,828556.867,208426.948,300875.831,149341.187,535864.805,0.0,0.0,93103.361,567854.897,852722.51,717822.654,507346.249,255311.878,341623.484,346601.097,616376.339,0.0,728426.812,0.0,0.0,271532.499,264682.042,0.0,281407.995,0.0,287739.364,46592.876,991466.337,675911.24,211541.038
['1+876'],6333.692,6250.278,11934.46,5410.088,8615.494,0.0,0.0,0.0,0.0,0.0,0.0,6935.758,0.0,6905.956,0.0,12433.936,7303.269,0.0,8807.811,0.0,6234.524,6643.047,7710.038,0.0,0.0,0.0,0.0,0.0,0.0,0.0,0.0,0.0,0.0,0.0,0.0
['1+879'],6315573.81,5828187.78,8408730.35,6173618.88,6536100.31,8957912.42,10282011.7,5824860.43,6122360.08,6299238.16,5707641.47,7670810.12,5934185.63,7491495.32,9782207.01,8733864.32,7281484.42,5483862.2,10470509.6,10868493.7,7315216.69,6938662.72,11028225.9,9583052.29,9853835.83,6115477.56,6936517.95,10232562.9,9117061.64,19921.911,11336346.1,12096636.7,8514849.37,10205981.2,6137461.76
['1+880'],582.592,28071.469,43112.528,0.0,29299.037,65557.222,19896.444,31214.775,3928.836,10899.024,0.0,0.0,0.0,27261.797,0.0,39157.225,28331.667,4760.795,23881.114,64772.689,0.0,0.0,22895.937,35272.291,42535.973,3857.285,1222.533,16713.76,40076.591,0.0,0.0,0.0,53187.251,51241.821,3033.129
['1+887'],90938.46,93209.554,140139.219,72385.585,87741.603,128855.682,38737.126,97765.784,11059.501,0.0,19520.847,97203.614,89569.85,89027.759,138094.824,123172.556,111124.632,0.0,119233.855,118110.769,77172.101,78381.286,119133.865,16304.632,135143.34,14267.892,76317.543,122108.156,14603.982,7753.38,35859.351,32567.057,157573.605,95262.637,0.0
['1+907'],1086532.71,2933419.6,3992624.59,1689756.7,1313799.27,2743058.87,3098280.31,989286.788,1158859.52,1178469.14,1219351.14,1769276.99,1850344.02,2079804.13,3233025.25,2656797.1,2954091.56,1318316.16,3714695.74,3742181.72,2005255.61,1812844.19,5806586.18,3787694.85,3634529.16,1250664.04,1696789.42,3301838.76,3975386.84,1488799.37,2157233.49,2697243.41,3190774.57,3239972.28,0.0
['1+908'],849441.162,777688.982,1329290.25,848548.518,618024.707,687740.648,0.0,722616.68,201010.334,94286.251,332596.992,673113.309,761626.158,714546.138,682413.523,780479.769,620590.417,109875.847,740387.929,700062.289,823519.776,753309.952,693282.222,465697.346,855334.393,305986.716,687532.321,1141427.39,296370.621,0.0,358360.114,310450.265,1322255.93,670039.634,207603.275
['1+911'],6357600.73,6620495.82,4453108.28,5314896.28,6110361.92,4307220.74,17778654.0,4349904.96,6844049.75,8035022.62,6646700.28,7714964.91,5780257.7,6100823.53,6478747.35,4726355.66,8678767.97,5923065.22,7534034.38,9169843.61,6269659.38,5689133.15,6431671.4,6045478.17,5992187.82,7145217.98,5277060.09,5900025.72,7366252.47,110852.498,9113245.75,14414812.3,4652369.68,4151971.02,6535565.46
['1+930'],216021.537,121450.367,285575.536,157587.916,201429.497,226054.843,0.0,196960.028,0.0,0.0,0.0,160892.192,217345.989,173174.18,254400.802,113756.528,168243.184,0.0,139878.113,180028.588,138473.685,162653.126,0.0,0.0,303673.368,0.0,188523.231,95389.167,0.0,0.0,0.0,0.0,167708.069,123517.514,0.0
['1+934'],637984.772,644979.362,627809.328,677941.13,853807.279,645954.844,26094.617,598895.083,200430.879,310073.959,263558.437,663662.022,615016.812,527303.371,649041.996,608925.306,400097.714,80687.692,835177.353,608792.121,362249.361,370224.694,691123.24,245696.385,757614.174,175309.475,639194.534,0.0,319344.339,344455.986,247626.82,213176.212,710069.678,530452.652,118004.165
['1+947'],1490846.55,2038762.11,2460707.77,1592034.58,1232865.35,1693100.22,600837.436,1768695.35,225495.615,11012.977,333946.476,1912311.68,2016613.38,404617.568,1498372.25,1742383.4,3072139.72,57839.383,1597881.4,1378419.1,202270.554,297957.173,1808351.5,295198.539,1637217.45,369850.763,1495948.35,3574871.57,246260.965,0.0,601603.635,579644.495,3382367.07,1323344.16,357004.021
